﻿<?xml version="1.0" encoding="utf-8" ?>
<c2eventsheet>
    <!--All the 'name' attributes are ignored by Construct 2 - they are there for readability only.-->
    <name>ev_Creditos</name>
    <events>
        <event-block sid="396472915101852">
            <conditions>
                <condition id="-2" name="On start of layout" sid="980936094928495" type="System" />
            </conditions>
            <actions>
                <action id="0" name="Set text" sid="387591225878289" type="Créditos">
                    <param id="0" name="Text">&quot;Obrigado por jogar SQLand!&#x0D;&#x0A;&quot;</param>
                </action>
                <action disabled="1" id="-9" name="Set value" sid="770845447472774" type="System">
                    <param id="0" name="Variable">LevelPoints</param>
                    <param id="1" name="Value">2</param>
                </action>
                <action id="33" name="Stop all" sid="718853268983259" type="Audio" />
                <action id="0" name="Play" sid="743673835884285" type="Audio">
                    <param id="0" name="Audio file">DavidKBD_-_Tropical_Pack_-_12_-_Summer_Party_-_Calypso</param>
                    <param id="2" name="Loop">1</param>
                    <param id="3" name="Volume">VolumeJogo</param>
                    <param id="1" name="Tag (optional)">&quot;musica&quot;</param>
                </action>
            </actions>
            <sub-events>
                <event-block sid="625304461143198">
                    <conditions>
                        <condition id="-14" name="Compare variable" sid="137784276459259" type="System">
                            <param id="0" name="Variable">LevelPoints</param>
                            <param id="1" name="Comparison">1</param>
                            <param id="2" name="Value">0</param>
                        </condition>
                        <condition id="-4" name="Trigger once while true" sid="137340842479559" type="System" />
                    </conditions>
                    <actions>
                        <action id="1" name="Append text" sid="453371847556132" type="Créditos">
                            <param id="0" name="Text">&quot;Total de Pontos: &quot;&amp;LevelPoints</param>
                        </action>
                    </actions>
                </event-block>
                <event-block sid="693091475755105">
                    <conditions />
                    <actions>
                        <action id="1" name="Append text" sid="743044015140551" type="Créditos">
                            <param id="0" name="Text">&quot;&#x0D;&#x0A;&#x0D;&#x0A;&#x0D;&#x0A;Desenvolvido por&#x0D;&#x0A; Gabriel Jansen e Renan Hatherly&#x0D;&#x0A;&#x0D;&#x0A;Orientados por&#x0D;&#x0A;Tadeu Classe&#x0D;&#x0A;&#x0D;&#x0A;Música por&#x0D;&#x0A; DavidKDB&#x0D;&#x0A;&#x0D;&#x0A;Trabalho de Conclusão de Curso&#x0D;&#x0A;UNIRIO - 2023.1&#x0D;&#x0A;&quot;</param>
                        </action>
                    </actions>
                </event-block>
            </sub-events>
        </event-block>
        <event-block sid="125620553863950">
            <conditions>
                <condition id="1" name="On any touch end" sid="343946440439931" type="Touch" />
            </conditions>
            <actions>
                <action id="-2" name="Go to layout" sid="303810339319915" type="System">
                    <param id="0" name="Layout">Main_Menu</param>
                </action>
            </actions>
        </event-block>
    </events>
</c2eventsheet>
