﻿<?xml version="1.0" encoding="utf-8" ?>
<c2eventsheet>
    <!--All the 'name' attributes are ignored by Construct 2 - they are there for readability only.-->
    <name>ev_MainGame</name>
    <events>
        <variable constant="0" name="OptionsOpen" sid="647217202805813" static="0" type="number">0</variable>
        <include>ev_Quests</include>
        <include>ev_Islands</include>
        <include>ev_UI</include>
        <include>ev_NPCs</include>
        <include>ev_Glossary</include>
        <event-block sid="918322386646772">
            <conditions>
                <condition id="-2" name="On start of layout" sid="203078618057650" type="System" />
            </conditions>
            <actions>
                <action behavior="Pin" id="0" name="Pin to object" sid="979304575970295" type="PopupTitle">
                    <param id="0" name="Pin to">ErrorBox</param>
                    <param id="1" name="Mode">0</param>
                </action>
                <action behavior="Pin" id="0" name="Pin to object" sid="585263665964266" type="ErrorText">
                    <param id="0" name="Pin to">ErrorBox</param>
                    <param id="1" name="Mode">0</param>
                </action>
                <action disabled="1" id="10" name="Request fullscreen" sid="964291656039289" type="Browser">
                    <param id="0" name="Mode">0</param>
                </action>
                <action id="0" name="Set text" sid="647270259092723" type="versão">
                    <param id="0" name="Text">&quot;v&quot;&amp;projectversion</param>
                </action>
                <action behavior="Pin" id="0" name="Pin to object" sid="502435551493867" type="DialogText">
                    <param id="0" name="Pin to">DialogBox</param>
                    <param id="1" name="Mode">0</param>
                </action>
                <action behavior="Pin" id="0" name="Pin to object" sid="533749995269885" type="DialogOk">
                    <param id="0" name="Pin to">DialogBox</param>
                    <param id="1" name="Mode">0</param>
                </action>
                <action id="-9" name="Set value" sid="540790427395096" type="System">
                    <param id="0" name="Variable">LevelCompleto</param>
                    <param id="1" name="Value">0</param>
                </action>
                <action id="-9" name="Set value" sid="560671494176906" type="System">
                    <param id="0" name="Variable">Level</param>
                    <param id="1" name="Value">&quot;MainGame&quot;</param>
                </action>
                <action id="-9" name="Destroy" sid="513477712293743" type="Glasses" />
                <action id="-9" name="Destroy" sid="781833760424779" type="longHair" />
                <action id="-9" name="Destroy" sid="519938850039235" type="shortHair" />
                <action id="-9" name="Destroy" sid="227104650184140" type="Pets" />
                <action id="-9" name="Destroy" sid="639493247052293" type="Citizen" />
                <action id="0" name="Set text" sid="356636311601475" type="Pontos">
                    <param id="0" name="Text">&quot;Pontos: 0&quot;</param>
                </action>
                <action id="-9" name="Set value" sid="530232471053842" type="System">
                    <param id="0" name="Variable">LevelCompleto</param>
                    <param id="1" name="Value">1</param>
                </action>
                <action id="-9" name="Set value" sid="786616245324520" type="System">
                    <param id="0" name="Variable">PeopleId</param>
                    <param id="1" name="Value">1</param>
                </action>
                <action id="33" name="Stop all" sid="502767226730836" type="Audio" />
                <action disabled="1" id="-9" name="Set value" sid="907297502305977" type="System">
                    <param id="0" name="Variable">VolumeJogo</param>
                    <param id="1" name="Value">VolumeJogo - 30</param>
                </action>
                <action id="3" name="Set value" sid="516942170440572" type="SliderBarVolume">
                    <param id="0" name="Value">30 + VolumeJogo</param>
                </action>
                <action id="0" name="Play" sid="337849921894811" type="Audio">
                    <param id="0" name="Audio file">DavidKBD_-_Tropical_Pack_-_05_-_Tropical_Chill_-_Reggae</param>
                    <param id="2" name="Loop">1</param>
                    <param id="3" name="Volume">VolumeJogo</param>
                    <param id="1" name="Tag (optional)">&quot;musica&quot;</param>
                </action>
            </actions>
            <sub-events>
                <comment>Debug mock</comment>
                <event-block sid="810547087130361">
                    <conditions />
                    <actions>
                        <action disabled="1" id="-14" name="Toggle boolean" sid="402089601030327" type="walkableAreaPerson">
                            <param id="0" name="Instance variable">Existe</param>
                        </action>
                        <action disabled="1" id="3" name="Set at XY" sid="155701673159065" type="PeopleTable">
                            <param id="0" name="X">0</param>
                            <param id="1" name="Y">0</param>
                            <param id="2" name="Value">&quot;Id&quot;</param>
                        </action>
                        <action disabled="1" id="3" name="Set at XY" sid="703987733426680" type="PeopleTable">
                            <param id="0" name="X">0</param>
                            <param id="1" name="Y">1</param>
                            <param id="2" name="Value">&quot;int&quot;</param>
                        </action>
                        <action disabled="1" id="3" name="Set at XY" sid="862402519140871" type="PeopleTable">
                            <param id="0" name="X">0</param>
                            <param id="1" name="Y">2</param>
                            <param id="2" name="Value">&quot;Primary Key&quot;</param>
                        </action>
                        <action disabled="1" id="3" name="Set at XY" sid="810363076170009" type="PeopleTable">
                            <param id="0" name="X">0</param>
                            <param id="1" name="Y">3</param>
                            <param id="2" name="Value">&quot;auto_increment&quot;</param>
                        </action>
                        <action disabled="1" id="3" name="Set at XY" sid="534562348253115" type="PeopleTable">
                            <param id="0" name="X">1</param>
                            <param id="1" name="Y">0</param>
                            <param id="2" name="Value">&quot;Nome&quot;</param>
                        </action>
                        <action disabled="1" id="3" name="Set at XY" sid="612497067386861" type="PeopleTable">
                            <param id="0" name="X">1</param>
                            <param id="1" name="Y">1</param>
                            <param id="2" name="Value">&quot;varchar(8)&quot;</param>
                        </action>
                        <action disabled="1" id="3" name="Set at XY" sid="251687271268256" type="PeopleTable">
                            <param id="0" name="X">2</param>
                            <param id="1" name="Y">0</param>
                            <param id="2" name="Value">&quot;Idade&quot;</param>
                        </action>
                        <action disabled="1" id="3" name="Set at XY" sid="594207574514942" type="PeopleTable">
                            <param id="0" name="X">2</param>
                            <param id="1" name="Y">1</param>
                            <param id="2" name="Value">&quot;int&quot;</param>
                        </action>
                        <action disabled="1" id="3" name="Set at XY" sid="777224010082296" type="PeopleTable">
                            <param id="0" name="X">3</param>
                            <param id="1" name="Y">0</param>
                            <param id="2" name="Value">&quot;Cabelo&quot;</param>
                        </action>
                        <action disabled="1" id="3" name="Set at XY" sid="483612241402675" type="PeopleTable">
                            <param id="0" name="X">4</param>
                            <param id="1" name="Y">0</param>
                            <param id="2" name="Value">&quot;Óculos&quot;</param>
                        </action>
                        <action disabled="1" id="3" name="Set at XY" sid="411340025644628" type="PeopleTable">
                            <param id="0" name="X">5</param>
                            <param id="1" name="Y">0</param>
                            <param id="2" name="Value">&quot;Gênero&quot;</param>
                        </action>
                        <action disabled="1" id="3" name="Set at XY" sid="133975128051983" type="PeopleTable">
                            <param id="0" name="X">3</param>
                            <param id="1" name="Y">1</param>
                            <param id="2" name="Value">&quot;varchar(8)&quot;</param>
                        </action>
                        <action disabled="1" id="3" name="Set at XY" sid="978065284363805" type="PeopleTable">
                            <param id="0" name="X">4</param>
                            <param id="1" name="Y">1</param>
                            <param id="2" name="Value">&quot;varchar(8)&quot;</param>
                        </action>
                        <action disabled="1" id="3" name="Set at XY" sid="391130887881985" type="PeopleTable">
                            <param id="0" name="X">5</param>
                            <param id="1" name="Y">1</param>
                            <param id="2" name="Value">&quot;varchar(8)&quot;</param>
                        </action>
                        <action disabled="1" id="0" name="Call function" sid="648292727658461" type="function">
                            <param id="0" name="Name">&quot;NpcSpawnner&quot;</param>
                            <param id="1" name="Parameter {n}">&quot;pessoa&quot;{###}&quot;Alex&quot;{###}20{###}&quot;Preto&quot;{###}&quot;Óculos de grau&quot;{###}&quot;Masculino&quot;</param>
                        </action>
                        <action disabled="1" id="0" name="Call function" sid="157233461088344" type="function">
                            <param id="0" name="Name">&quot;NpcSpawnner&quot;</param>
                            <param id="1" name="Parameter {n}">&quot;pessoa&quot;{###}&quot;Giovana&quot;{###}19{###}&quot;Preto&quot;{###}&quot;Óculos escuro&quot;{###}&quot;Feminino&quot;</param>
                        </action>
                        <action disabled="1" id="0" name="Call function" sid="196657954943387" type="function">
                            <param id="0" name="Name">&quot;NpcSpawnner&quot;</param>
                            <param id="1" name="Parameter {n}">&quot;pessoa&quot;{###}&quot;Giovana&quot;{###}19{###}&quot;Preto&quot;{###}&quot;Óculos escuro&quot;{###}&quot;Feminino&quot;</param>
                        </action>
                        <action disabled="1" id="3" name="Set at XY" sid="751196122148453" type="PeopleTable">
                            <param id="0" name="X">1</param>
                            <param id="1" name="Y">2</param>
                            <param id="2" name="Value">&quot;not null&quot;</param>
                        </action>
                        <action disabled="1" id="-9" name="Set value" sid="710124535821367" type="System">
                            <param id="0" name="Variable">SQLOpen</param>
                            <param id="1" name="Value">1</param>
                        </action>
                        <action disabled="1" id="-16" name="Wait" sid="655150612956816" type="System">
                            <param id="0" name="Seconds">0.5</param>
                        </action>
                        <action disabled="1" id="0" name="Call function" sid="331633447096610" type="function">
                            <param id="0" name="Name">&quot;IndexesSelectTable&quot;</param>
                            <param id="1" name="Parameter {n}">&quot;Pessoas&quot;</param>
                        </action>
                        <action disabled="1" id="-15" name="Set visible" sid="396224961269268" type="debugText">
                            <param id="0" name="Visibility">1</param>
                        </action>
                        <action disabled="1" id="-9" name="Set value" sid="878528312041793" type="System">
                            <param id="0" name="Variable">LevelCompleto</param>
                            <param id="1" name="Value">6</param>
                        </action>
                        <action disabled="1" id="2" name="Set muted" sid="202717409040548" type="Audio">
                            <param id="0" name="Tag">&quot;musica&quot;</param>
                            <param id="1" name="State">0</param>
                        </action>
                    </actions>
                </event-block>
                <event-block sid="621379935387643">
                    <conditions>
                        <condition id="3" name="For each element" sid="783079725188825" type="PeopleTable">
                            <param id="0" name="Axes">1</param>
                        </condition>
                    </conditions>
                    <actions />
                    <sub-events>
                        <event-block sid="248671113078993">
                            <conditions>
                                <condition id="4" name="Compare current value" sid="530019703136603" type="PeopleTable">
                                    <param id="0" name="Comparison">0</param>
                                    <param id="1" name="Value">0</param>
                                </condition>
                            </conditions>
                            <actions>
                                <action id="3" name="Set at XY" sid="181807360626376" type="PeopleTable">
                                    <param id="0" name="X">PeopleTable.CurX</param>
                                    <param id="1" name="Y">PeopleTable.CurY</param>
                                    <param id="2" name="Value">&quot;&quot;</param>
                                </action>
                            </actions>
                        </event-block>
                    </sub-events>
                </event-block>
            </sub-events>
        </event-block>
        <event-block sid="814553470808009">
            <conditions>
                <condition id="2" name="On changed" sid="271395838337402" type="SliderBarVolume" />
            </conditions>
            <actions>
                <action disabled="1" id="3" name="Set value" sid="349149431627608" type="SliderBarVolume">
                    <param id="0" name="Value">SliderBarVolume.Value - 20</param>
                </action>
                <action id="-9" name="Set value" sid="513730480219196" type="System">
                    <param id="0" name="Variable">VolumeJogo</param>
                    <param id="1" name="Value">SliderBarVolume.Value - 30</param>
                </action>
            </actions>
        </event-block>
        <event-block sid="686891467348120">
            <conditions>
                <condition id="1" name="Compare value" sid="518862468455414" type="SliderBarVolume">
                    <param id="0" name="Comparison">0</param>
                    <param id="1" name="Value">0</param>
                </condition>
            </conditions>
            <actions>
                <action id="2" name="Set muted" sid="160803885076516" type="Audio">
                    <param id="0" name="Tag">&quot;musica&quot;</param>
                    <param id="1" name="State">0</param>
                </action>
            </actions>
        </event-block>
        <event-block sid="238815991034932">
            <conditions>
                <condition id="-22" name="Else" sid="387602242503831" type="System" />
            </conditions>
            <actions>
                <action id="2" name="Set muted" sid="677518765464229" type="Audio">
                    <param id="0" name="Tag">&quot;musica&quot;</param>
                    <param id="1" name="State">1</param>
                </action>
            </actions>
        </event-block>
        <event-block sid="418434441103742">
            <conditions>
                <condition id="-1" name="Every tick" sid="418436427277996" type="System" />
            </conditions>
            <actions>
                <action id="3" name="Set volume" sid="324786330712495" type="Audio">
                    <param id="0" name="Tag">&quot;musica&quot;</param>
                    <param id="1" name="dB">VolumeJogo</param>
                </action>
            </actions>
        </event-block>
        <event-block disabled="1" sid="843099997193033">
            <conditions>
                <condition id="17" name="On tap object" sid="373386654917019" type="Touch">
                    <param id="0" name="Object">fullscreenButton</param>
                </condition>
            </conditions>
            <actions>
                <action id="-11" name="Add to" sid="482384185887468" type="fullscreenButton">
                    <param id="0" name="Instance variable">Fullscreen</param>
                    <param id="1" name="Value">1</param>
                </action>
            </actions>
        </event-block>
        <event-block disabled="1" sid="891418305798586">
            <conditions>
                <condition id="-7" name="Compare instance variable" sid="780147071194942" type="fullscreenButton">
                    <param id="0" name="Instance variable">Fullscreen</param>
                    <param id="1" name="Comparison">0</param>
                    <param id="2" name="Value">0</param>
                </condition>
            </conditions>
            <actions>
                <action id="11" name="Cancel fullscreen" sid="892147966030011" type="Browser" />
                <action id="5" name="Set frame" sid="992630308092464" type="fullscreenButton">
                    <param id="0" name="Frame number">0</param>
                </action>
            </actions>
        </event-block>
        <event-block disabled="1" sid="702173342247804">
            <conditions>
                <condition id="-7" name="Compare instance variable" sid="400852583691736" type="fullscreenButton">
                    <param id="0" name="Instance variable">Fullscreen</param>
                    <param id="1" name="Comparison">0</param>
                    <param id="2" name="Value">1</param>
                </condition>
            </conditions>
            <actions>
                <action id="10" name="Request fullscreen" sid="611564901702080" type="Browser">
                    <param id="0" name="Mode">3</param>
                </action>
                <action id="5" name="Set frame" sid="499598138205424" type="fullscreenButton">
                    <param id="0" name="Frame number">1</param>
                </action>
            </actions>
        </event-block>
        <event-block disabled="1" sid="516146193039433">
            <conditions>
                <condition id="-7" name="Compare instance variable" sid="294205510017306" type="fullscreenButton">
                    <param id="0" name="Instance variable">Fullscreen</param>
                    <param id="1" name="Comparison">0</param>
                    <param id="2" name="Value">2</param>
                </condition>
            </conditions>
            <actions>
                <action id="-10" name="Set value" sid="277763190823422" type="fullscreenButton">
                    <param id="0" name="Instance variable">Fullscreen</param>
                    <param id="1" name="Value">0</param>
                </action>
            </actions>
        </event-block>
        <event-block sid="668316771848908">
            <conditions>
                <condition id="17" name="On tap object" sid="512346770997544" type="Touch">
                    <param id="0" name="Object">Options</param>
                </condition>
            </conditions>
            <actions />
            <sub-events>
                <event-block sid="184528619090748">
                    <conditions>
                        <condition id="-9" name="Layer is visible" sid="134181425059081" type="System">
                            <param id="0" name="Layer">&quot;Opções&quot;</param>
                        </condition>
                    </conditions>
                    <actions>
                        <action id="-13" name="Set boolean" sid="914662262372630" type="Options">
                            <param id="0" name="Instance variable">open</param>
                            <param id="1" name="Value">0</param>
                        </action>
                    </actions>
                </event-block>
                <event-block sid="457111487033973">
                    <conditions>
                        <condition id="-9" inverted="1" name="Layer is visible" sid="101412794323759" type="System">
                            <param id="0" name="Layer">&quot;Opções&quot;</param>
                        </condition>
                    </conditions>
                    <actions>
                        <action id="-13" name="Set boolean" sid="124946065950716" type="Options">
                            <param id="0" name="Instance variable">open</param>
                            <param id="1" name="Value">1</param>
                        </action>
                    </actions>
                </event-block>
            </sub-events>
        </event-block>
        <event-block sid="989064430608509">
            <conditions>
                <condition id="-8" name="Is boolean instance variable set" sid="910198677185926" type="Options">
                    <param id="0" name="Instance variable">open</param>
                </condition>
            </conditions>
            <actions>
                <action id="-4" name="Set layer visible" sid="582716631021741" type="System">
                    <param id="0" name="Layer">&quot;Opções&quot;</param>
                    <param id="1" name="Visibility">1</param>
                </action>
                <action id="-9" name="Set value" sid="557594876662052" type="System">
                    <param id="0" name="Variable">OptionsOpen</param>
                    <param id="1" name="Value">1</param>
                </action>
            </actions>
        </event-block>
        <event-block sid="735261021918449">
            <conditions>
                <condition id="-8" inverted="1" name="Is boolean instance variable set" sid="776853859531596" type="Options">
                    <param id="0" name="Instance variable">open</param>
                </condition>
            </conditions>
            <actions>
                <action id="-4" name="Set layer visible" sid="482510999183832" type="System">
                    <param id="0" name="Layer">&quot;Opções&quot;</param>
                    <param id="1" name="Visibility">0</param>
                </action>
                <action id="-9" name="Set value" sid="507685336619428" type="System">
                    <param id="0" name="Variable">OptionsOpen</param>
                    <param id="1" name="Value">0</param>
                </action>
            </actions>
        </event-block>
        <event-block sid="927657537950566">
            <conditions>
                <condition id="14" name="On tap" sid="849313221434727" type="Touch" />
                <condition id="-9" name="Layer is visible" sid="532463720992546" type="System">
                    <param id="0" name="Layer">&quot;Opções&quot;</param>
                </condition>
            </conditions>
            <actions />
            <sub-events>
                <event-block any="1" sid="419485238093458">
                    <conditions>
                        <condition id="4" inverted="1" name="Is touching object" sid="638858171110554" type="Touch">
                            <param id="0" name="Object">OpcoesBG</param>
                        </condition>
                        <condition id="4" name="Is touching object" sid="649182013993738" type="Touch">
                            <param id="0" name="Object">Options</param>
                        </condition>
                    </conditions>
                    <actions>
                        <action id="-13" name="Set boolean" sid="915226422906594" type="Options">
                            <param id="0" name="Instance variable">open</param>
                            <param id="1" name="Value">0</param>
                        </action>
                    </actions>
                </event-block>
            </sub-events>
        </event-block>
        <event-block sid="640081719222084">
            <conditions>
                <condition id="17" name="On tap object" sid="535592666523276" type="Touch">
                    <param id="0" name="Object">TextMainMenu</param>
                </condition>
            </conditions>
            <actions>
                <action id="-13" name="Set boolean" sid="838199420395373" type="TextMainMenu">
                    <param id="0" name="Instance variable">Alert</param>
                    <param id="1" name="Value">1</param>
                </action>
            </actions>
        </event-block>
        <event-block sid="803640426571352">
            <conditions>
                <condition id="-8" name="Is boolean instance variable set" sid="216492848341936" type="TextMainMenu">
                    <param id="0" name="Instance variable">Alert</param>
                </condition>
            </conditions>
            <actions>
                <action id="-15" name="Set visible" sid="461455799213110" type="AlertMainMenu">
                    <param id="0" name="Visibility">1</param>
                </action>
                <action id="-15" name="Set visible" sid="632285136464438" type="OpcoesMainMenu">
                    <param id="0" name="Visibility">1</param>
                </action>
                <action id="-15" name="Set visible" sid="642547202051667" type="TitleAlert">
                    <param id="0" name="Visibility">1</param>
                </action>
            </actions>
            <sub-events>
                <event-block sid="770543632261449">
                    <conditions>
                        <condition id="17" name="On tap object" sid="440456731864804" type="Touch">
                            <param id="0" name="Object">OpcoesMainMenu</param>
                        </condition>
                    </conditions>
                    <actions />
                    <sub-events>
                        <event-block sid="104902547885834">
                            <conditions>
                                <condition id="-14" name="Pick by unique ID" sid="198282287809762" type="OpcoesMainMenu">
                                    <param id="0" name="Unique ID">597</param>
                                </condition>
                            </conditions>
                            <actions>
                                <action id="-13" name="Set boolean" sid="625295180971398" type="TextMainMenu">
                                    <param id="0" name="Instance variable">Alert</param>
                                    <param id="1" name="Value">0</param>
                                </action>
                            </actions>
                        </event-block>
                        <event-block sid="750540390027780">
                            <conditions>
                                <condition id="-14" name="Pick by unique ID" sid="364535465999146" type="OpcoesMainMenu">
                                    <param id="0" name="Unique ID">596</param>
                                </condition>
                            </conditions>
                            <actions>
                                <action id="-2" name="Go to layout" sid="738293427621003" type="System">
                                    <param id="0" name="Layout">Main_Menu</param>
                                </action>
                            </actions>
                        </event-block>
                    </sub-events>
                </event-block>
            </sub-events>
        </event-block>
        <event-block sid="165553297132233">
            <conditions>
                <condition id="-8" inverted="1" name="Is boolean instance variable set" sid="621932028853696" type="TextMainMenu">
                    <param id="0" name="Instance variable">Alert</param>
                </condition>
            </conditions>
            <actions>
                <action id="-15" name="Set visible" sid="710312750244913" type="AlertMainMenu">
                    <param id="0" name="Visibility">0</param>
                </action>
                <action id="-15" name="Set visible" sid="804252256235024" type="OpcoesMainMenu">
                    <param id="0" name="Visibility">0</param>
                </action>
                <action id="-15" name="Set visible" sid="713112967590108" type="TitleAlert">
                    <param id="0" name="Visibility">0</param>
                </action>
            </actions>
        </event-block>
        <event-block sid="657735613896598">
            <conditions>
                <condition id="14" name="On tap" sid="260011905286233" type="Touch" />
                <condition id="-8" name="Is boolean instance variable set" sid="306402517647605" type="TextMainMenu">
                    <param id="0" name="Instance variable">Alert</param>
                </condition>
            </conditions>
            <actions />
            <sub-events>
                <event-block any="1" sid="909559250849421">
                    <conditions>
                        <condition id="4" inverted="1" name="Is touching object" sid="211524221519525" type="Touch">
                            <param id="0" name="Object">AlertMainMenu</param>
                        </condition>
                    </conditions>
                    <actions>
                        <action id="-13" name="Set boolean" sid="179332387474038" type="TextMainMenu">
                            <param id="0" name="Instance variable">Alert</param>
                            <param id="1" name="Value">0</param>
                        </action>
                    </actions>
                </event-block>
            </sub-events>
        </event-block>
    </events>
</c2eventsheet>
